<?xml version="1.0" encoding="UTF-8"?>
<launch4jConfig>
  <dontWrapJar>false</dontWrapJar>
  <headerType>gui</headerType>
  <jar>/Users/rishabhandriteshbhardwaj/Downloads/SmartPaySystem/SmartPaySystem.jar</jar>
  <outfile>/Users/rishabhandriteshbhardwaj/Desktop/Payment.exe</outfile>
  <errTitle></errTitle>
  <cmdLine></cmdLine>
  <chdir>.</chdir>
  <priority>normal</priority>
  <downloadUrl></downloadUrl>
  <supportUrl></supportUrl>
  <stayAlive>true</stayAlive>
  <restartOnCrash>true</restartOnCrash>
  <manifest></manifest>
  <icon></icon>
  <jre>
    <path>%JAVA_HOME%;%PATH%</path>
    <requiresJdk>false</requiresJdk>
    <requires64Bit>false</requires64Bit>
    <minVersion>1.4.0</minVersion>
    <maxVersion></maxVersion>
  </jre>
</launch4jConfig>